accession_a,accession_b,identity,min_coverage
P09378,P09377,0.3944223107569721,0.8900709219858156
P0A6N8,P0A6N4,0.33714285714285713,0.9210526315789473
P0A756,P0A754,0.4161490683229814,0.875
P0A9X1,P06611,0.36936936936936937,0.8844621513944223
P0AAF6,P07109,0.4472573839662447,0.9221789883268483
P0AAG3,P07109,0.5108225108225108,0.8988326848249028
P0AAG3,P0AAF6,0.4425531914893617,0.9710743801652892
P0AAI1,P0AAG3,0.4072398190045249,0.8666666666666667
P0AAJ5,P0AAJ3,0.7781569965870307,0.9766666666666667
